{
    "pile": {
        "ce_loss": 2.7017984956663823,
        "perplexity": 14.906516937221191,
        "n_tokens": 900864
    },
    "alpaca": {
        "ce_loss": 1.8833440222516615,
        "perplexity": 6.575456611389324,
        "n_tokens": 267216
    },
    "alpaca_custom_completions": {
        "ce_loss": 0.2816720591290926,
        "perplexity": 1.3253440142415154,
        "n_tokens": 33689
    }
}