{
    "pile": {
        "ce_loss": 1.9328271444880563,
        "perplexity": 6.909015441503738,
        "n_tokens": 935283
    },
    "alpaca": {
        "ce_loss": 2.273037173663982,
        "perplexity": 9.708843523987374,
        "n_tokens": 187167
    },
    "alpaca_custom_completions": {
        "ce_loss": 0.5369622526113053,
        "perplexity": 1.7108019763869118,
        "n_tokens": 19494
    }
}