{
    "pile": {
        "ce_loss": 2.55142463605255,
        "perplexity": 12.825362247185879,
        "n_tokens": 906793
    },
    "alpaca": {
        "ce_loss": 1.9293656897144569,
        "perplexity": 6.885141540075332,
        "n_tokens": 270467
    },
    "alpaca_custom_completions": {
        "ce_loss": 0.4407182308428286,
        "perplexity": 1.5538228213077643,
        "n_tokens": 34491
    }
}