{
    "pile": {
        "ce_loss": 2.48397482860898,
        "perplexity": 11.988823353978207,
        "n_tokens": 900864
    },
    "alpaca": {
        "ce_loss": 1.8536296479252738,
        "perplexity": 6.382945372294351,
        "n_tokens": 267216
    },
    "alpaca_custom_completions": {
        "ce_loss": 0.2188538327018362,
        "perplexity": 1.2446493363603348,
        "n_tokens": 34310
    }
}